id,name,email,skills,experience,prefecture
109,山田太郎,yamada@example.com,"Python,Flask,React",5年,宮城県
110,鈴木花子,suzuki@example.com,"JavaScript,Node.js,Vue.js",3年,大阪府
111,佐藤一郎,sato@example.com,"Java,Spring Boot,MySQL",7年,神奈川県
112,田中美咲,tanaka@example.com,"Ruby,Rails,PostgreSQL",4年,福岡県
113,高橋健一,takahashi@example.com,"Go,Docker,Kubernetes",6年,愛知県
114,渡辺真理,watanabe@example.com,"PHP,Laravel,AWS",3年,北海道
115,伊藤さくら,ito@example.com,"TypeScript,Next.js,GraphQL",2年,京都府
116,小林大輔,kobayashi@example.com,"C#,.NET,Azure",8年,広島県
117,加藤優子,kato@example.com,"Swift,iOS,Firebase",4年,宮城県
118,山本誠,yamamoto@example.com,"Android,Kotlin,MongoDB",5年,沖縄県
119,鈴木陽一,suzuki@gamil.com,"TypeScript,Next.js,GraphQL",5年,東京都
120,佐藤ゆきと,sato@gmail.com,"Python,Flask,React",2年,北海道
121,須藤宏樹,info@gmail.com,"Python,Flask,React",3年,東京都
122,田中,info@gmail.com,"Python,Flask,React",3年,東京都
123,萬崎将夫_まんちゃん,man0519tech@gmail.com,"PHP,Laravel,AWS",2年,東京都
